,precision,recall,f1-score,support
0,0.5076744645148554,0.5648198989677136,0.5347247491812652,36424.0
1,0.3844122343692421,0.48732822050064234,0.4297951966489846,25687.0
2,0.7739992952053233,0.6410097940754856,0.7012550415295261,116499.0
3,0.37331103678929767,0.5350910834132311,0.4397951142631994,20860.0
accuracy,0.5962300095252419,0.5962300095252419,0.5962300095252419,0.5962300095252419
macro avg,0.5098492577196796,0.5570622492392682,0.5263925254057439,199470.0
weighted avg,0.6332949510166016,0.5962300095252419,0.6085456492062941,199470.0
