silhouette_score,calinski_harabasz_score,n_clusters,inertia
0.2712737423496689,243632.69643225335,3,4020034.067929533
