silhouette_score,calinski_harabasz_score,n_clusters,inertia
0.27157867818098747,48761.03790265897,3,806069.8025691719
