feature,importance
clicks_per_day,0.15634981629872574
total_clicks,0.370199510843552
active_days,0.4734506728577222
