feature,importance
id_student,0.48845320288132066
id_site,0.2200915184329766
date,0.2146103500552566
sum_click,0.06031764412860679
code_module,0.013991604248726057
semester,0.0025356802531133677
