feature,importance
id_student,0.404286088142607
id_site,0.25552227583006537
date,0.23987201256158447
sum_click,0.07572079788116913
code_module,0.020731281059885302
semester,0.0038675445246886286
