TP,FP,TN,FN,f1_score,accuracy,precision,recall,mse,r2,n_classes,avg_method
20007,19971,-19971,19971,0.4244962647900955,0.5004502476361999,0.41426184480290695,0.4498324964430524,1.376907299014458,-0.6953324922660762,4,macro
