TP,FP,TN,FN,f1_score,accuracy,precision,recall,mse,r2,n_classes,avg_method
118930,80540,-80540,80540,0.5263925254057439,0.5962300095252419,0.5098492577196796,0.5570622492392682,1.0784930064671379,-0.32797873548163636,4,macro
