accuracy,precision,recall,f1,train_time
0.41612241089755553,0.4501565827166371,0.41612241089755553,0.4195882761057354,0.6033117771148682
