,mse,rmse,mae,r2
RandomForestRegressor,0.10593065522831949,0.3254698991125285,0.15285564611118455,0.8697877309235499
GradientBoostingRegressor,0.7806242047198305,0.88352940229504,0.7318999626226685,0.04043972187765543
LinearRegression,0.8037422490424884,0.8965167310443729,0.7456939586916127,0.012022518176092123
