,mse,rmse,mae,r2
RandomForestRegressor,0.4421585587354225,0.6649500422854505,0.49187442974588413,0.4643069978010256
GradientBoostingRegressor,0.7888004723871801,0.8881443983875483,0.7362633422571623,0.04433627973284382
LinearRegression,0.8134426927716271,0.9019105791438679,0.7505900225099377,0.01448123167870874
