TP,FP,TN,FN,f1_score,accuracy,precision,recall,mse,r2
0,0,0,0,0.3914789969167298,0.4706176544136034,0.3832893524713464,0.4119333585114936,1.4429107276819204,-0.7748958750122448
