mse,r2
0.6090533368230946,0.23813628494160266
